{
    "ssl": {"key": "./keys/privkey.pem",
            "cert": "./keys/fullchain.pem"},
    "port": 443,
    "debug": false,
    "enableAudioMeter": true,
    "appIceServers": [
        {
            "url": "stun:stun.l.google.com:19302"
        },
        {
            "url": "stun:stun.sipgate.net"
        },
        {
            "url": "stun:217.10.68.152"
        },
        {
            "url": "stun:stun.sipgate.net:10000"
        },
        {
            "url": "stun:217.10.68.152:10000"
        }
    ]
}
